{"_step":4,"val_loss":0.4905722147623698,"_timestamp":1.7377341983050072e+09,"val_accuracy":82.21666666666667,"train_loss":0.6253218657970429,"train_accuracy":78.55416666666666,"_wandb":{"runtime":68},"epoch":4,"_runtime":68.7353841}