{"_step":9,"Train Loss":0.08593484229417732,"Train Acc":96.946,"_wandb":{"runtime":313},"Test Acc":81.48,"_timestamp":1.739540479688336e+09,"_runtime":311.7186842}