{"epoch":19,"_wandb":{"runtime":446},"val_accuracy":88.09166666666667,"train_loss":0.36177024997770785,"train_accuracy":86.80208333333333,"_runtime":446.5479918,"_step":19,"val_loss":0.3156274601519108,"_timestamp":1.7377308545700328e+09}