{"_runtime":358.0188404,"val_loss":0.3140157192073604,"epoch":19,"train_accuracy":88.55416666666666,"_timestamp":1.7377316063408065e+09,"_wandb":{"runtime":358},"val_accuracy":88.4,"train_loss":0.30983995166420936,"_step":19}