{"val_loss":0.4191184856891632,"val_accuracy":84.65,"_step":9,"epoch":9,"_wandb":{"runtime":127},"train_loss":0.49998973843455313,"_runtime":127.3201558,"_timestamp":1.7377344682974277e+09,"train_accuracy":82.79791666666667}