{"Test/8_recall":0.981,"Test/2_recall":0.809,"Test/9_recall":0.956,"Test/0_precision":0.8306374881065651,"Test/4_f1":0.8195121951219512,"Test/6_precision":0.7632794457274826,"Test/7_recall":0.956,"Test/6_recall":0.661,"_step":70,"Test/9_f1":0.9555222388805598,"Test/5_f1":0.94824016563147,"Test/7_precision":0.8942937324602432,"Test/4_precision":0.8,"Test/4_recall":0.84,"Epoch":19,"Test/3_f1":0.8969223253541768,"Test/9_precision":0.955044955044955,"Test/1_recall":0.983,"Test/1_precision":0.9703849950641659,"Test/3_recall":0.918,"Test/3_precision":0.8767908309455588,"Test/7_f1":0.9241179313678105,"Test/1_f1":0.9766517635370094,"Validation Loss":0.3228149019340251,"Test Accuracy":0.8893,"Train Loss":0.31143320753177006,"Train Accuracy":88.48125,"Test/5_precision":0.9828326180257511,"Test/6_f1":0.7084673097534834,"Test/8_f1":0.9834586466165414,"_wandb":{"runtime":403},"Validation Accuracy":88.14166666666667,"Test/5_recall":0.916,"Test/0_f1":0.8512920526572404,"Test/8_precision":0.985929648241206,"Test/0_recall":0.873,"_runtime":403.1663945,"Test/2_precision":0.8288934426229508,"Test/2_f1":0.8188259109311741,"_timestamp":1.7377180918338852e+09}