{"_timestamp":1.73773332411801e+09,"_wandb":{"runtime":82},"train_accuracy":82.38333333333334,"val_loss":0.4378122720629611,"epoch":4,"_step":4,"train_loss":0.4962262534300486,"val_accuracy":83.8,"_runtime":82.7557441}