{"_timestamp":1.7395411541682186e+09,"_runtime":315.3155069,"_wandb":{"runtime":316},"_step":9,"Train Loss":0.09175702838627312,"Train Acc":96.744,"Test Acc":81.77}