{"val_accuracy":82.98333333333333,"train_accuracy":80.92708333333333,"epoch":9,"val_loss":0.4612447549502055,"_runtime":204.9382438,"_wandb":{"runtime":204},"train_loss":0.5472559063732624,"_timestamp":1.7377332346816218e+09,"_step":9}