{"Epoch":14,"Validation Loss":0.32587461284500485,"Validation Accuracy":88.075,"Train Loss":0.33183965436617535,"_timestamp":1.7377274937879562e+09,"_runtime":281.3031162,"Train Accuracy":87.56458333333333,"_step":29,"_wandb":{"runtime":296}}