{"_wandb":{"runtime":356},"_runtime":356.7669291,"val_loss":0.31907438161842366,"val_accuracy":88.13333333333334,"_step":19,"train_accuracy":87.25416666666666,"_timestamp":1.7377319699177597e+09,"train_loss":0.34861657782395683,"epoch":19}