{"_timestamp":1.739539585291807e+09,"_runtime":1047.774955,"_wandb":{"runtime":1047},"_step":9,"Train Loss":0.05615578327700734,"Train Acc":98.018,"Test Acc":89.54}