{"Test/7_recall":0.933,"_wandb":{"runtime":371},"Test/7_f1":0.9040697674418605,"Test/0_f1":0.8060522696011004,"Test/0_precision":0.7442845046570703,"Epoch":19,"_step":70,"Test/9_precision":0.9262948207171314,"Test/4_f1":0.7731597396094141,"Test/5_precision":0.9426751592356688,"Test/8_f1":0.9544316474712068,"Train Accuracy":86.92083333333333,"Test/6_recall":0.504,"Test/3_precision":0.8438095238095238,"Test/9_f1":0.9281437125748503,"Validation Accuracy":85.05833333333334,"Test/4_recall":0.772,"Test/0_recall":0.879,"_runtime":371.5784367,"Test/1_precision":0.9497536945812808,"Test/6_precision":0.7262247838616714,"Test/3_f1":0.864390243902439,"Test/4_precision":0.7743229689067201,"Validation Loss":0.4378995438839527,"Test/7_precision":0.8768796992481203,"Test Accuracy":0.8505,"Test/8_recall":0.953,"Test/1_f1":0.9568238213399504,"Test/9_recall":0.93,"Test/5_f1":0.9145211122554068,"Test/2_precision":0.7537878787878788,"Test/2_f1":0.77431906614786,"Test/3_recall":0.886,"Test/5_recall":0.888,"Test/1_recall":0.964,"Test/2_recall":0.796,"Test/8_precision":0.9558676028084253,"_timestamp":1.7377166414588156e+09,"Test/6_f1":0.5950413223140496,"Train Loss":0.35866779992977776}