{"val_accuracy":87.825,"_runtime":178.1826988,"_step":9,"train_accuracy":86.9625,"epoch":9,"_timestamp":1.73773104065797e+09,"train_loss":0.3560604318579038,"_wandb":{"runtime":178},"val_loss":0.32583952306749975}