{"_timestamp":1.73954194080111e+09,"_runtime":93.1622283,"_step":9,"_wandb":{"runtime":93},"Train Loss":0.10157333637523415,"Train Acc":96.45,"Test Acc":72.03}