{"Test/3_recall":0.914,"Test/3_precision":0.8788461538461538,"Test/0_recall":0.809,"Validation Loss":0.34276841620498516,"Test/4_recall":0.822,"Test/2_recall":0.774,"Train Accuracy":85.875,"Test/6_precision":0.6744659206510681,"Test/9_recall":0.95,"Test/7_recall":0.938,"Test/6_recall":0.663,"Test/0_f1":0.8147029204431017,"Test/4_f1":0.8122529644268774,"Train Loss":0.3961677488783995,"Test/9_precision":0.9378084896347483,"Test/8_recall":0.974,"Test/1_f1":0.9823499747856783,"Test/8_precision":0.9521016617790812,"Test/2_f1":0.7906026557711952,"_runtime":155.0420854,"Test/7_f1":0.9223205506391348,"Test/6_f1":0.6686838124054463,"Epoch":19,"Test/0_precision":0.8204868154158215,"Test/5_precision":0.9738493723849372,"_step":70,"Test/8_f1":0.962926347009392,"Test/7_precision":0.90715667311412,"Test/2_precision":0.8079331941544885,"Test/1_precision":0.9908443540183113,"_timestamp":1.7377278974223366e+09,"Test/4_precision":0.802734375,"_wandb":{"runtime":155},"Validation Accuracy":87.96666666666667,"Test/1_recall":0.974,"Test/5_f1":0.9519427402862985,"Test/5_recall":0.931,"Test Accuracy":0.8749,"Test/3_f1":0.8960784313725491,"Test/9_f1":0.9438648782911078}