{"_wandb":{"runtime":364},"_timestamp":1.739535840380369e+09,"_runtime":357.2100338,"_step":10,"Train Loss":0.8131558742288434,"Train Acc":71.5,"Test Acc":77.23}