{"val_accuracy":85.48333333333333,"_timestamp":1.7377341229203625e+09,"train_loss":0.49921870972712834,"_wandb":{"runtime":56},"train_accuracy":82.58958333333334,"val_loss":0.3958067867557208,"epoch":4,"_runtime":56.8960916,"_step":4}