{"_wandb":{"runtime":313},"Test Acc":82.67,"_timestamp":1.739536298350106e+09,"_runtime":313.5189555,"_step":9,"Train Loss":0.08795522474397993,"Train Acc":96.952}