{"_step":2,"Validation Accuracy":84.64166666666667,"Train Accuracy":82.92708333333333,"Train Loss":0.4701834482550621,"Validation Loss":0.41770076775487436,"_runtime":40.1931779,"_timestamp":1.7377275817314124e+09,"Epoch":1,"_wandb":{"runtime":41}}