{"_timestamp":1.7395418432591805e+09,"_runtime":254.5677564,"_step":9,"Train Loss":0.08059123708554508,"_wandb":{"runtime":256},"Train Acc":97.244,"Test Acc":74.34}