{"_timestamp":1.73954158427523e+09,"_runtime":250.5303118,"_step":9,"Train Loss":0.06332887939708617,"_wandb":{"runtime":252},"Train Acc":97.828,"Test Acc":77.99}