{"val_loss":0.5211131498416265,"val_accuracy":80.975,"_runtime":104.1278546,"epoch":4,"train_loss":0.660782436778148,"_step":4,"train_accuracy":76.93541666666667,"_wandb":{"runtime":104},"_timestamp":1.7377328047937636e+09}