{"Test/5_recall":0.909,"Test/3_f1":0.8966202783300199,"Test/0_precision":0.768760907504363,"Test/4_f1":0.8109869646182495,"Test/1_f1":0.9784677015523285,"_runtime":161.8267513,"Test/8_f1":0.972027972027972,"Test/6_f1":0.644789867587795,"Test/1_recall":0.977,"Test/0_recall":0.881,"Test/1_precision":0.9799398194583752,"Test/8_recall":0.973,"Validation Loss":0.3417827195309578,"Train Loss":0.4028454062740008,"Epoch":19,"Test/3_recall":0.902,"Test/2_precision":0.8119122257053292,"Test/6_precision":0.7598371777476255,"Test/7_recall":0.946,"Test/2_f1":0.7940725600408789,"Test/4_precision":0.7587108013937283,"Test/7_precision":0.9018112488083889,"Test/9_recall":0.948,"_timestamp":1.7377156947645762e+09,"Test/5_f1":0.9400206825232679,"_step":70,"Test/4_recall":0.871,"Test/7_f1":0.9233772571986335,"Validation Accuracy":88.06666666666666,"Test/3_precision":0.8913043478260869,"Test/5_precision":0.9732334047109208,"Test/8_precision":0.9710578842315369,"Test/9_f1":0.9395441030723488,"Train Accuracy":85.72916666666667,"Test Accuracy":0.8744,"Test/0_f1":0.821062441752097,"Test/2_recall":0.777,"Test/9_precision":0.931237721021611,"Test/6_recall":0.56,"_wandb":{"runtime":161}}