{"_wandb":{"runtime":1057},"_timestamp":1.7395384361592374e+09,"_runtime":1057.7856126,"_step":9,"Train Loss":0.09750313617412926,"Train Acc":96.576,"Test Acc":81.38}