{"_wandb":{"runtime":208},"epoch":9,"train_loss":0.4267763755172491,"val_loss":0.42230855256319044,"_runtime":208.8991446,"val_accuracy":84.56666666666666,"_step":9,"_timestamp":1.7377330205527794e+09,"train_accuracy":84.56666666666666}