{"Test/9_f1":0.929070929070929,"Test/8_recall":0.96,"Test/1_recall":0.958,"Test/3_recall":0.893,"Test/0_f1":0.808294930875576,"Test/4_recall":0.796,"Epoch":19,"_timestamp":1.7377282693211703e+09,"Test/2_f1":0.7734138972809668,"Test/5_recall":0.905,"Test/3_precision":0.8480531813865148,"_wandb":{"runtime":324},"Test/8_precision":0.9384164222873901,"Test Accuracy":0.8526,"_runtime":324.6038913,"Test/8_f1":0.949085516559565,"Test/5_precision":0.9536354056902002,"Train Loss":0.3559849797487259,"_step":70,"Validation Loss":0.45030691268596246,"Test/7_recall":0.932,"Validation Accuracy":85.19166666666666,"Test/4_f1":0.7728155339805826,"Test/4_precision":0.7509433962264151,"Test/3_f1":0.8699464198733561,"Test/9_precision":0.9281437125748503,"Test/6_recall":0.507,"Test/0_precision":0.7495726495726496,"Test/6_precision":0.7253218884120172,"Test/1_f1":0.9551345962113659,"Test/9_recall":0.93,"Test/7_precision":0.8859315589353612,"Test/1_precision":0.952286282306163,"Test/7_f1":0.9083820662768031,"Test/2_recall":0.768,"Test/5_f1":0.9286813750641355,"Test/6_f1":0.5968216597998823,"Test/2_precision":0.7789046653144016,"Test/0_recall":0.877,"Train Accuracy":86.91041666666666}