{"_step":9,"_wandb":{"runtime":127},"Train Loss":0.0906049886586197,"Train Acc":96.844,"Test Acc":78.12,"_timestamp":1.7395412856179214e+09,"_runtime":126.9845122}