{"_timestamp":1.7395367470445306e+09,"_runtime":312.7086808,"_step":9,"_wandb":{"runtime":312},"Train Loss":0.06614063354000649,"Train Acc":97.77,"Test Acc":88.22}