{"_runtime":154.9978849,"val_accuracy":85.15,"_wandb":{"runtime":155},"train_loss":0.4290579677025477,"_step":9,"train_accuracy":84.70416666666667,"epoch":9,"_timestamp":1.7377335708342166e+09,"val_loss":0.41036921557276806}