{"_step":4,"val_loss":0.4001789853927937,"epoch":4,"train_accuracy":82.48125,"_runtime":51.1117408,"val_accuracy":85.20833333333333,"_wandb":{"runtime":51},"_timestamp":1.737734527000326e+09,"train_loss":0.5047786835233371}