{"_timestamp":1.7377286635382876e+09,"Test/7_recall":0.945,"Test/5_f1":0.9544994944388271,"Test/9_recall":0.951,"Test/4_f1":0.8161185734136174,"Test/0_f1":0.8480164863472437,"Test/1_precision":0.9838383838383838,"Test/4_recall":0.881,"_runtime":361.1621731,"Test/1_recall":0.974,"Validation Accuracy":88.48333333333333,"Test/8_recall":0.985,"Test/1_f1":0.978894472361809,"Validation Loss":0.31235672319506075,"Test/2_f1":0.8166930797675647,"Test/7_precision":0.9086538461538461,"Test/0_precision":0.8746014877789585,"Test/2_recall":0.773,"Test/3_precision":0.8928571428571429,"Test/3_recall":0.9,"Test Accuracy":0.8895,"Test/6_precision":0.720440881763527,"Test/6_recall":0.719,"Test/3_f1":0.896414342629482,"Test/9_f1":0.9601211509338717,"Epoch":19,"Test/5_precision":0.9652351738241309,"Test/2_precision":0.8656215005599104,"_step":70,"_wandb":{"runtime":361},"Test/5_recall":0.944,"Train Loss":0.30997758453090984,"Test/8_precision":0.9733201581027668,"Test/9_precision":0.9694189602446484,"Train Accuracy":88.46666666666667,"Test/7_f1":0.9264705882352942,"Test/4_precision":0.7601380500431406,"Test/0_recall":0.823,"Test/6_f1":0.7197197197197197,"Test/8_f1":0.9791252485089463}